{
  "objective": "regression",
  "metric": "mse",
  "boosting_type": "gbdt",
  "verbose": -1,
  "n_jobs": -1,
  "seed": 42,
  "n_estimators": 500,
  "num_leaves": 26,
  "learning_rate": 0.020149032822885594,
  "feature_fraction": 0.6712087529022808,
  "bagging_fraction": 0.9480932573410354,
  "bagging_freq": 7,
  "min_child_samples": 29,
  "reg_alpha": 0.019874628784002295,
  "reg_lambda": 0.008583715858992928
}